,RMSE,MAE,R2,MAPE
XGBoost,1.2133586091657507,0.7072722953939004,0.9985041231016779,inf
Gradient Boosting,1.3673457294685276,0.6755987523923025,0.9981003474259591,inf
LightGBM,1.5228941860521172,0.954332611029312,0.9976435568829792,inf
Random Forest,1.5553153839847549,0.6715902045522756,0.9975421552976407,inf
Decision Tree,2.3555107487144555,0.9717403601520134,0.9943624853429881,inf
Lasso Regression,3.5471388190120865,2.34806663269744,0.9872157906599013,inf
Ridge Regression,4.005114134335369,3.068233886108847,0.9837015127605064,inf
Neural Network,5.761905424857606,4.242018598537195,0.966267404823577,inf
Linear Regression,530415052029.6246,62080386182.7593,-2.858572313771178e+20,inf
