,RMSE,MAE,R2,MAPE
XGBoost_Tuned,1.014532299418686,0.559714714901088,0.9989541985021148,inf
LightGBM_Tuned,1.1763904945004744,0.6929034674721793,0.9985938860509151,inf
RandomForest_Tuned,1.907840164295191,1.0074032676003493,0.9963017056150459,inf
