,RMSE,MAE,R2,MAPE
LightGBM_Tuned,1.091752492591785,0.6434296407123029,0.9987889393656688,inf
XGBoost_Tuned,1.1134578956471117,0.6352314271475082,0.9987403058810908,inf
RandomForest_Tuned,2.3951360611419585,1.3992851272739455,0.9941712170656338,inf
